onset	duration	Lemmas	Words	RECORDING_SESSION_LABEL	CURRENT_FIX_ADJUSTED	CURRENT_FIX_DURATION	CURRENT_FIX_INTEREST_AREA_ID	CURRENT_FIX_START	SentenceID	SentenceRT	TRUEOffset	TRUEOnset
n/a	87	n/a	n/a	S132_4	False	87	.	7	.	.	.	n/a
9543.0	183	two	Two	S132_4	False	183	1	0	t.03.01	4783	14326	9543.0
9749.0	228	important	important	S132_4	False	228	2	206	t.03.01	4783	14326	9543.0
9987.0	167	important	important	S132_4	False	167	2	444	t.03.01	4783	14326	9543.0
10185.0	315	math	math	S132_4	False	315	3	642	t.03.01	4783	14326	9543.0
10521.0	323	concept	concepts	S132_4	False	323	4	978	t.03.01	4783	14326	9543.0
10874.0	201	combination	combinations	S132_4	False	201	6	1331	t.03.01	4783	14326	9543.0
11096.0	160	be	are	S132_4	False	160	5	1553	t.03.01	4783	14326	9543.0
11281.0	207	combination	combinations	S132_4	False	207	6	1738	t.03.01	4783	14326	9543.0
11519.0	441	permutation	permutations.	S132_4	False	441	8	1976	t.03.01	4783	14326	9543.0
11981.0	211	permutation	permutations.	S132_4	False	211	8	2438	t.03.01	4783	14326	9543.0
12546.0	89	permutation	permutations.	S132_4	False	89	8	3003	t.03.01	4783	14326	9543.0
12656.0	254	permutation	permutations.	S132_4	False	254	8	3113	t.03.01	4783	14326	9543.0
12934.0	256	permutation	permutations.	S132_4	False	256	8	3391	t.03.01	4783	14326	9543.0
13211.0	217	permutation	permutations.	S132_4	False	217	8	3668	t.03.01	4783	14326	9543.0
13468.0	306	combination	combinations	S132_4	False	306	6	3925	t.03.01	4783	14326	9543.0
14114.0	196	concept	concepts	S132_4	False	196	4	4571	t.03.01	4783	14326	9543.0
14359.0	55	important	important	S132_4	False	55	2	4816	t.03.01	4783	14326	9543.0
n/a	130	n/a	n/a	S132_4	False	130	.	7	.	.	.	n/a
n/a	55	n/a	n/a	S132_4	False	55	.	156	.	.	.	n/a
15982.0	335	combination	Combinations	S132_4	False	335	1	0	t.03.02	2489	18471	15982.0
16426.0	155	permutation	permutations	S132_4	False	155	3	444	t.03.02	2489	18471	15982.0
16603.0	90	permutation	permutations	S132_4	False	90	3	621	t.03.02	2489	18471	15982.0
16733.0	228	combination	Combinations	S132_4	False	228	1	751	t.03.02	2489	18471	15982.0
16995.0	183	permutation	permutations	S132_4	False	183	3	1013	t.03.02	2489	18471	15982.0
17212.0	167	n/a	n/a	S132_4	False	167	.	1230	t.03.02	2489	18471	15982.0
17398.0	172	similar	similar	S132_4	False	172	5	1416	t.03.02	2489	18471	15982.0
17598.0	263	several	several	S132_4	False	263	7	1616	t.03.02	2489	18471	15982.0
18192.0	67	several	several	S132_4	False	67	7	2210	t.03.02	2489	18471	15982.0
18282.0	269	way	ways.	S132_4	False	269	8	2300	t.03.02	2489	18471	15982.0
n/a	87	n/a	n/a	S132_4	False	87	.	7	.	.	.	n/a
20002.0	231	refer	refer	S132_4	False	231	2	0	t.03.03	3913	23915	20002.0
20255.0	237	refer	refer	S132_4	False	237	2	253	t.03.03	3913	23915	20002.0
20511.0	312	set	sets	S132_4	False	312	4	509	t.03.03	3913	23915	20002.0
20842.0	303	set	sets	S132_4	False	303	4	840	t.03.03	3913	23915	20002.0
21172.0	167	object	objects	S132_4	False	167	6	1170	t.03.03	3913	23915	20002.0
21577.0	181	you	you	S132_4	False	181	8	1575	t.03.03	3913	23915	20002.0
21776.0	213	that	that	S132_4	False	213	7	1774	t.03.03	3913	23915	20002.0
22020.0	146	and	and	S132_4	False	146	10	2018	t.03.03	3913	23915	20002.0
22192.0	350	arrange	arrange	S132_4	False	350	11	2190	t.03.03	3913	23915	20002.0
22566.0	196	in	in	S132_4	False	196	12	2564	t.03.03	3913	23915	20002.0
23086.0	104	order	order.	S132_4	False	104	13	3084	t.03.03	3913	23915	20002.0
23207.0	405	order	order.	S132_4	False	405	13	3205	t.03.03	3913	23915	20002.0
23664.0	218	that	that	S132_4	False	218	7	3662	t.03.03	3913	23915	20002.0
23925.0	79	set	sets	S132_4	False	79	4	3923	t.03.03	3913	23915	20002.0
n/a	51	n/a	n/a	S132_4	False	51	.	7	.	.	.	n/a
n/a	17	n/a	n/a	S132_4	False	17	.	76	.	.	.	n/a
25490.0	377	set	set	S132_4	False	377	2	0	t.03.04	3183	28673	25490.0
25901.0	343	the	the	S132_4	False	343	5	411	t.03.04	3183	28673	25490.0
26263.0	303	be	be	S132_4	False	303	4	773	t.03.04	3183	28673	25490.0
26593.0	211	number	numbers	S132_4	False	211	6	1103	t.03.04	3183	28673	25490.0
26833.0	203	through	through	S132_4	False	203	8	1343	t.03.04	3183	28673	25490.0
27057.0	138	n/a	9,	S132_4	False	138	9	1567	t.03.04	3183	28673	25490.0
27219.0	263	available	available	S132_4	False	263	11	1729	t.03.04	3183	28673	25490.0
27513.0	275	pizza	pizza	S132_4	False	275	12	2023	t.03.04	3183	28673	25490.0
27813.0	244	available	available	S132_4	False	244	11	2323	t.03.04	3183	28673	25490.0
28084.0	166	pizza	pizza	S132_4	False	166	12	2594	t.03.04	3183	28673	25490.0
28276.0	177	topping	toppings.	S132_4	False	177	13	2786	t.03.04	3183	28673	25490.0
n/a	85	n/a	n/a	S132_4	False	85	.	7	.	.	.	n/a
30227.0	253	combination	combinations	S132_4	False	253	2	0	t.03.05	3474	33701	30227.0
30504.0	170	combination	combinations	S132_4	False	170	2	277	t.03.05	3474	33701	30227.0
30732.0	215	permutation	permutations,	S132_4	False	215	4	505	t.03.05	3474	33701	30227.0
30963.0	190	and	and	S132_4	False	190	3	736	t.03.05	3474	33701	30227.0
31191.0	214	item	items	S132_4	False	214	5	964	t.03.05	3474	33701	30227.0
31428.0	257	be	are	S132_4	False	257	6	1201	t.03.05	3474	33701	30227.0
31696.0	431	item	items	S132_4	False	431	5	1469	t.03.05	3474	33701	30227.0
32152.0	224	select	selected	S132_4	False	224	7	1925	t.03.05	3474	33701	30227.0
32403.0	536	from	from	S132_4	False	536	8	2176	t.03.05	3474	33701	30227.0
33276.0	333	set	set.	S132_4	False	333	10	3049	t.03.05	3474	33701	30227.0
33670.0	120	combination	combinations	S132_4	False	120	2	3443	t.03.05	3474	33701	30227.0
n/a	62	n/a	n/a	S132_4	False	62	.	7	.	.	.	n/a
n/a	10	n/a	n/a	S132_4	False	10	.	86	.	.	.	n/a
35231.0	389	example	example,	S132_4	False	389	2	0	t.03.06	4370	39601	35231.0
35650.0	200	select	select	S132_4	False	200	5	419	t.03.06	4370	39601	35231.0
35871.0	274	can	can	S132_4	False	274	4	640	t.03.06	4370	39601	35231.0
36169.0	199	select	select	S132_4	False	199	5	938	t.03.06	4370	39601	35231.0
36390.0	310	-	1-3	S132_4	False	310	6	1159	t.03.06	4370	39601	35231.0
36724.0	240	the	the	S132_4	False	240	8	1493	t.03.06	4370	39601	35231.0
36983.0	356	from	from	S132_4	False	356	7	1752	t.03.06	4370	39601	35231.0
37364.0	175	-	1-9	S132_4	False	175	10	2133	t.03.06	4370	39601	35231.0
37567.0	385	count	count	S132_4	False	385	12	2336	t.03.06	4370	39601	35231.0
37978.0	163	order	order.	S132_4	False	163	14	2747	t.03.06	4370	39601	35231.0
38426.0	71	count	count	S132_4	False	71	12	3195	t.03.06	4370	39601	35231.0
38510.0	195	count	count	S132_4	False	195	12	3279	t.03.06	4370	39601	35231.0
38733.0	223	and	and	S132_4	False	223	13	3502	t.03.06	4370	39601	35231.0
39008.0	220	select	select	S132_4	False	220	5	3777	t.03.06	4370	39601	35231.0
39252.0	173	can	can	S132_4	False	173	4	4021	t.03.06	4370	39601	35231.0
39450.0	156	select	select	S132_4	False	156	5	4219	t.03.06	4370	39601	35231.0
39630.0	58	from	from	S132_4	False	58	7	4399	t.03.06	4370	39601	35231.0
n/a	87	n/a	n/a	S132_4	False	87	.	7	.	.	.	n/a
41152.0	233	however	However,	S132_4	False	233	1	0	t.03.07	2767	43919	41152.0
41408.0	204	combination	combinations	S132_4	False	204	2	256	t.03.07	2767	43919	41152.0
41885.0	229	combination	combinations	S132_4	False	229	2	733	t.03.07	2767	43919	41152.0
42149.0	254	permutation	permutations	S132_4	False	254	4	997	t.03.07	2767	43919	41152.0
42440.0	275	calculate	calculated	S132_4	False	275	6	1288	t.03.07	2767	43919	41152.0
42724.0	222	calculate	calculated	S132_4	False	222	6	1572	t.03.07	2767	43919	41152.0
42983.0	327	different	differently.	S132_4	False	327	7	1831	t.03.07	2767	43919	41152.0
43352.0	168	calculate	calculated	S132_4	False	168	6	2200	t.03.07	2767	43919	41152.0
43539.0	125	calculate	calculated	S132_4	False	125	6	2387	t.03.07	2767	43919	41152.0
43959.0	42	different	differently.	S132_4	False	42	7	2807	t.03.07	2767	43919	41152.0
n/a	61	n/a	n/a	S132_4	False	61	.	7	.	.	.	n/a
n/a	7	n/a	n/a	S132_4	False	7	.	89	.	.	.	n/a
45472.0	220	compute	compute	S132_4	False	220	3	0	t.03.08	3251	48723	45472.0
45709.0	184	we	we	S132_4	False	184	2	237	t.03.08	3251	48723	45472.0
45940.0	159	combination	combination,	S132_4	False	159	5	468	t.03.08	3251	48723	45472.0
46120.0	223	compute	compute	S132_4	False	223	3	648	t.03.08	3251	48723	45472.0
46376.0	155	combination	combination,	S132_4	False	155	5	904	t.03.08	3251	48723	45472.0
46556.0	268	item	item	S132_4	False	268	7	1084	t.03.08	3251	48723	45472.0
46846.0	436	order	order	S132_4	False	436	8	1374	t.03.08	3251	48723	45472.0
47300.0	98	do	does	S132_4	False	98	9	1828	t.03.08	3251	48723	45472.0
47421.0	377	not	not	S132_4	False	377	10	1949	t.03.08	3251	48723	45472.0
47821.0	113	matter	matter.	S132_4	False	113	11	2349	t.03.08	3251	48723	45472.0
48194.0	24	n/a	n/a	S132_4	False	24	.	2722	t.03.08	3251	48723	45472.0
48258.0	88	order	order	S132_4	False	88	8	2786	t.03.08	3251	48723	45472.0
48365.0	164	item	item	S132_4	False	164	7	2893	t.03.08	3251	48723	45472.0
48556.0	206	do	does	S132_4	False	206	9	3084	t.03.08	3251	48723	45472.0
n/a	72	n/a	n/a	S132_4	False	72	.	7	.	.	.	n/a
50268.0	300	combination	combination	S132_4	False	300	2	8	t.03.09	2582	52842	50260.0
50600.0	267	n/a	1,	S132_4	False	267	4	340	t.03.09	2582	52842	50260.0
50888.0	109	combination	combination	S132_4	False	109	2	628	t.03.09	2582	52842	50260.0
51028.0	180	n/a	n/a	S132_4	False	180	.	768	t.03.09	2582	52842	50260.0
51235.0	262	the	the	S132_4	False	262	8	975	t.03.09	2582	52842	50260.0
51515.0	200	be	is	S132_4	False	200	7	1255	t.03.09	2582	52842	50260.0
51755.0	182	combination	combination	S132_4	False	182	12	1495	t.03.09	2582	52842	50260.0
51960.0	132	combination	combination	S132_4	False	132	12	1700	t.03.09	2582	52842	50260.0
52120.0	190	n/a	3,	S132_4	False	190	14	1860	t.03.09	2582	52842	50260.0
52336.0	102	n/a	2,	S132_4	False	102	15	2076	t.03.09	2582	52842	50260.0
52753.0	101	n/a	1,	S132_4	False	101	4	2493	t.03.09	2582	52842	50260.0
52881.0	59	combination	combination	S132_4	False	59	2	2621	t.03.09	2582	52842	50260.0
n/a	88	n/a	n/a	S132_4	False	88	.	7	.	.	.	n/a
54413.0	278	another	Another	S132_4	False	278	1	0	t.03.10	2173	56586	54413.0
54715.0	151	example	example	S132_4	False	151	2	302	t.03.10	2173	56586	54413.0
54891.0	308	combination	combination	S132_4	False	308	5	478	t.03.10	2173	56586	54413.0
55215.0	208	of	of	S132_4	False	208	3	802	t.03.10	2173	56586	54413.0
55456.0	137	combination	combination	S132_4	False	137	5	1043	t.03.10	2173	56586	54413.0
55617.0	341	pick	picking	S132_4	False	341	7	1204	t.03.10	2173	56586	54413.0
55987.0	214	pizza	pizza	S132_4	False	214	8	1574	t.03.10	2173	56586	54413.0
56228.0	152	topping	toppings.	S132_4	False	152	9	1815	t.03.10	2173	56586	54413.0
n/a	83	n/a	n/a	S132_4	False	83	.	7	.	.	.	n/a
58116.0	237	suppose	Suppose	S132_4	False	237	1	0	t.03.11	2218	60334	58116.0
58383.0	159	pick	pick	S132_4	False	159	3	267	t.03.11	2218	60334	58116.0
58571.0	273	topping	toppings:	S132_4	False	273	5	455	t.03.11	2218	60334	58116.0
58877.0	151	cheese	cheese,	S132_4	False	151	6	761	t.03.11	2218	60334	58116.0
59039.0	102	cheese	cheese,	S132_4	False	102	6	923	t.03.11	2218	60334	58116.0
59165.0	166	pepperoni	pepperoni,	S132_4	False	166	7	1049	t.03.11	2218	60334	58116.0
59373.0	304	sausage	sausage.	S132_4	False	304	9	1257	t.03.11	2218	60334	58116.0
59695.0	162	sausage	sausage.	S132_4	False	162	9	1579	t.03.11	2218	60334	58116.0
60165.0	260	sausage	sausage.	S132_4	False	260	9	2049	t.03.11	2218	60334	58116.0
n/a	89	n/a	n/a	S132_4	False	89	.	7	.	.	.	n/a
61869.0	246	can	can	S132_4	False	246	2	0	t.03.12	1926	63795	61869.0
62140.0	193	say	say	S132_4	False	193	4	271	t.03.12	1926	63795	61869.0
62358.0	170	that	that	S132_4	False	170	5	489	t.03.12	1926	63795	61869.0
62550.0	381	pick	pick	S132_4	False	381	7	681	t.03.12	1926	63795	61869.0
62956.0	164	sausage	sausage,	S132_4	False	164	8	1087	t.03.12	1926	63795	61869.0
63145.0	237	pepperoni	pepperoni,	S132_4	False	237	9	1276	t.03.12	1926	63795	61869.0
63416.0	199	cheese	cheese.	S132_4	False	199	11	1547	t.03.12	1926	63795	61869.0
n/a	80	n/a	n/a	S132_4	False	80	.	7	.	.	.	n/a
65338.0	42	here	Here	S132_4	False	42	1	0	t.03.13	3566	68904	65338.0
65401.0	169	you	you	S132_4	False	169	2	63	t.03.13	3566	68904	65338.0
65581.0	194	you	you	S132_4	False	194	2	243	t.03.13	3566	68904	65338.0
65803.0	256	a	a	S132_4	False	256	4	465	t.03.13	3566	68904	65338.0
66079.0	151	have	have	S132_4	False	151	3	741	t.03.13	3566	68904	65338.0
66273.0	290	three	three	S132_4	False	290	7	935	t.03.13	3566	68904	65338.0
66586.0	155	thing	things	S132_4	False	155	8	1248	t.03.13	3566	68904	65338.0
66770.0	319	different	different	S132_4	False	319	11	1432	t.03.13	3566	68904	65338.0
67109.0	165	two	two	S132_4	False	165	10	1771	t.03.13	3566	68904	65338.0
67302.0	269	thing	things	S132_4	False	269	8	1964	t.03.13	3566	68904	65338.0
67595.0	257	in	in	S132_4	False	257	9	2257	t.03.13	3566	68904	65338.0
67875.0	100	two	two	S132_4	False	100	10	2537	t.03.13	3566	68904	65338.0
68000.0	273	thing	things	S132_4	False	273	8	2662	t.03.13	3566	68904	65338.0
68311.0	206	two	two	S132_4	False	206	10	2973	t.03.13	3566	68904	65338.0
68544.0	310	different	different	S132_4	False	310	11	3206	t.03.13	3566	68904	65338.0
68882.0	90	order	orders.	S132_4	False	90	12	3544	t.03.13	3566	68904	65338.0
n/a	88	n/a	n/a	S132_4	False	88	.	7	.	.	.	n/a
70459.0	205	the	the	S132_4	False	205	2	0	t.03.14	2572	73031	70459.0
70675.0	155	the	the	S132_4	False	155	2	216	t.03.14	2572	73031	70459.0
70854.0	155	pizza	pizzas	S132_4	False	155	3	395	t.03.14	2572	73031	70459.0
71032.0	203	get	get	S132_4	False	203	5	573	t.03.14	2572	73031	70459.0
71243.0	252	you	you	S132_4	False	252	4	784	t.03.14	2572	73031	70459.0
71516.0	214	be	are	S132_4	False	214	6	1057	t.03.14	2572	73031	70459.0
71757.0	217	same	same	S132_4	False	217	8	1298	t.03.14	2572	73031	70459.0
71999.0	179	because	because	S132_4	False	179	9	1540	t.03.14	2572	73031	70459.0
72207.0	287	order	order	S132_4	False	287	11	1748	t.03.14	2572	73031	70459.0
72516.0	261	do	does	S132_4	False	261	12	2057	t.03.14	2572	73031	70459.0
72801.0	67	matter	matter.	S132_4	False	67	13	2342	t.03.14	2572	73031	70459.0
n/a	79	n/a	n/a	S132_4	False	79	.	7	.	.	.	n/a
74583.0	241	however	However,	S132_4	False	241	1	4	t.03.15	1894	76473	74579.0
74851.0	132	order	order	S132_4	False	132	2	272	t.03.15	1894	76473	74579.0
75005.0	373	do	does	S132_4	False	373	3	426	t.03.15	1894	76473	74579.0
75401.0	200	matter	matter	S132_4	False	200	4	822	t.03.15	1894	76473	74579.0
75633.0	289	compute	compute	S132_4	False	289	7	1054	t.03.15	1894	76473	74579.0
75957.0	247	permutation	permutation.	S132_4	False	247	9	1378	t.03.15	1894	76473	74579.0
76220.0	192	permutation	permutation.	S132_4	False	192	9	1641	t.03.15	1894	76473	74579.0
n/a	85	n/a	n/a	S132_4	False	85	.	7	.	.	.	n/a
78015.0	387	n/a	1,2	S132_4	False	387	1	0	t.03.16	2087	80102	78015.0
78428.0	298	and	and	S132_4	False	298	3	413	t.03.16	2087	80102	78015.0
78755.0	176	n/a	,	S132_4	False	176	5	740	t.03.16	2087	80102	78015.0
79006.0	25	n/a	1	S132_4	False	25	6	991	t.03.16	2087	80102	78015.0
79088.0	47	n/a	1	S132_4	False	47	6	1073	t.03.16	2087	80102	78015.0
79173.0	223	different	different	S132_4	False	223	8	1158	t.03.16	2087	80102	78015.0
79417.0	382	permutation	permutations	S132_4	False	382	9	1402	t.03.16	2087	80102	78015.0
79822.0	285	different	different	S132_4	False	285	8	1807	t.03.16	2087	80102	78015.0
n/a	85	n/a	n/a	S132_4	False	85	.	7	.	.	.	n/a
81635.0	218	permutation	permutations	S132_4	False	218	2	0	t.03.17	3023	84658	81635.0
81875.0	172	permutation	permutations	S132_4	False	172	2	240	t.03.17	3023	84658	81635.0
82071.0	240	different	different	S132_4	False	240	3	436	t.03.17	3023	84658	81635.0
82340.0	213	order	orders	S132_4	False	213	4	705	t.03.17	3023	84658	81635.0
82582.0	140	different	different	S132_4	False	140	3	947	t.03.17	3023	84658	81635.0
82750.0	348	order	orders	S132_4	False	348	4	1115	t.03.17	3023	84658	81635.0
83120.0	110	item	items	S132_4	False	110	6	1485	t.03.17	3023	84658	81635.0
83493.0	117	item	items	S132_4	False	117	6	1858	t.03.17	3023	84658	81635.0
83621.0	143	item	items	S132_4	False	143	6	1986	t.03.17	3023	84658	81635.0
83795.0	222	different	different	S132_4	False	222	8	2160	t.03.17	3023	84658	81635.0
84044.0	269	meaning	meanings.	S132_4	False	269	9	2409	t.03.17	3023	84658	81635.0
84348.0	146	different	different	S132_4	False	146	8	2713	t.03.17	3023	84658	81635.0
n/a	81	n/a	n/a	S132_4	False	81	.	7	.	.	.	n/a
86193.0	277	imagine	Imagine	S132_4	False	277	1	4	t.03.18	2878	89067	86189.0
86497.0	230	can	can	S132_4	False	230	3	308	t.03.18	2878	89067	86189.0
86754.0	81	on	only	S132_4	False	81	5	565	t.03.18	2878	89067	86189.0
86888.0	153	on	only	S132_4	False	153	5	699	t.03.18	2878	89067	86189.0
87064.0	363	pick	pick	S132_4	False	363	4	875	t.03.18	2878	89067	86189.0
87458.0	178	one	one	S132_4	False	178	6	1269	t.03.18	2878	89067	86189.0
87658.0	217	lunch	lunch:	S132_4	False	217	8	1469	t.03.18	2878	89067	86189.0
87900.0	183	pizza	pizza,	S132_4	False	183	9	1711	t.03.18	2878	89067	86189.0
88106.0	374	pasta	pasta,	S132_4	False	374	10	1917	t.03.18	2878	89067	86189.0
88489.0	137	pasta	pasta,	S132_4	False	137	10	2300	t.03.18	2878	89067	86189.0
88653.0	203	rice	rice.	S132_4	False	203	12	2464	t.03.18	2878	89067	86189.0
89100.0	60	n/a	n/a	S132_4	False	60	.	2911	t.03.18	2878	89067	86189.0
n/a	89	n/a	n/a	S132_4	False	89	.	7	.	.	.	n/a
90625.0	39	you	You	S132_4	False	39	1	0	t.03.19	2011	92636	90625.0
90688.0	168	pizza	pizza	S132_4	False	168	3	63	t.03.19	2011	92636	90625.0
90872.0	183	say	say	S132_4	False	183	2	247	t.03.19	2011	92636	90625.0
91079.0	209	pizza	pizza	S132_4	False	209	3	454	t.03.19	2011	92636	90625.0
91311.0	189	your	your	S132_4	False	189	5	686	t.03.19	2011	92636	90625.0
91537.0	266	rice	rice	S132_4	False	266	8	912	t.03.19	2011	92636	90625.0
91826.0	173	your	your	S132_4	False	173	10	1201	t.03.19	2011	92636	90625.0
92022.0	437	least	least	S132_4	False	437	11	1397	t.03.19	2011	92636	90625.0
n/a	85	n/a	n/a	S132_4	False	85	.	7	.	.	.	n/a
94178.0	276	your	your	S132_4	False	276	2	0	t.03.20	2115	96293	94178.0
94480.0	262	order	order	S132_4	False	262	3	302	t.03.20	2115	96293	94178.0
94766.0	189	preference	preference	S132_4	False	189	5	588	t.03.20	2115	96293	94178.0
94994.0	165	is	is:	S132_4	False	165	6	816	t.03.20	2115	96293	94178.0
95182.0	165	pizza	pizza,	S132_4	False	165	8	1004	t.03.20	2115	96293	94178.0
95373.0	172	pasta	pasta,	S132_4	False	172	10	1195	t.03.20	2115	96293	94178.0
95566.0	238	pasta	pasta,	S132_4	False	238	10	1388	t.03.20	2115	96293	94178.0
95835.0	172	rice	rice.	S132_4	False	172	13	1657	t.03.20	2115	96293	94178.0
96029.0	202	rice	rice.	S132_4	False	202	13	1851	t.03.20	2115	96293	94178.0
n/a	88	n/a	n/a	S132_4	False	88	.	7	.	.	.	n/a
97865.0	39	run	runs	S132_4	False	39	3	0	t.03.21	2278	100143	97865.0
97918.0	269	pizza	pizza	S132_4	False	269	2	53	t.03.21	2278	100143	97865.0
98210.0	293	out	out,	S132_4	False	293	4	345	t.03.21	2278	100143	97865.0
98530.0	312	waiter	waiter	S132_4	False	312	6	665	t.03.21	2278	100143	97865.0
98868.0	166	will	will	S132_4	False	166	7	1003	t.03.21	2278	100143	97865.0
99059.0	162	give	give	S132_4	False	162	8	1194	t.03.21	2278	100143	97865.0
99245.0	227	pasta	pasta	S132_4	False	227	10	1380	t.03.21	2278	100143	97865.0
99492.0	213	and	and	S132_4	False	213	11	1627	t.03.21	2278	100143	97865.0
99727.0	133	pasta	pasta	S132_4	False	133	10	1862	t.03.21	2278	100143	97865.0
99887.0	240	not	not	S132_4	False	240	12	2022	t.03.21	2278	100143	97865.0
n/a	85	n/a	n/a	S132_4	False	85	.	7	.	.	.	n/a
101718.0	245	your	your	S132_4	False	245	2	0	t.03.22	1618	103336	101718.0
101971.0	134	your	your	S132_4	False	134	2	253	t.03.22	1618	103336	101718.0
102133.0	226	may	may	S132_4	False	226	4	415	t.03.22	1618	103336	101718.0
102390.0	235	a	a	S132_4	False	235	6	672	t.03.22	1618	103336	101718.0
102654.0	215	order	order	S132_4	False	215	8	936	t.03.22	1618	103336	101718.0
102893.0	209	preference	preference.	S132_4	False	209	10	1175	t.03.22	1618	103336	101718.0
103124.0	199	order	order	S132_4	False	199	8	1406	t.03.22	1618	103336	101718.0
103348.0	74	preference	preference.	S132_4	False	74	10	1630	t.03.22	1618	103336	101718.0
n/a	82	n/a	n/a	S132_4	False	82	.	7	.	.	.	n/a
104870.0	445	friend	friend	S132_4	False	445	2	0	t.03.23	2504	107374	104870.0
105339.0	172	friend	friend	S132_4	False	172	2	469	t.03.23	2504	107374	104870.0
105523.0	219	friend	friend	S132_4	False	219	2	653	t.03.23	2504	107374	104870.0
105770.0	167	order	order	S132_4	False	167	3	900	t.03.23	2504	107374	104870.0
105960.0	197	could	could	S132_4	False	197	4	1090	t.03.23	2504	107374	104870.0
106182.0	158	n/a	1)	S132_4	False	158	6	1312	t.03.23	2504	107374	104870.0
106365.0	219	rice	rice,	S132_4	False	219	7	1495	t.03.23	2504	107374	104870.0
106611.0	421	pasta	pasta,	S132_4	False	421	9	1741	t.03.23	2504	107374	104870.0
107067.0	390	pizza	pizza.	S132_4	False	390	12	2197	t.03.23	2504	107374	104870.0
n/a	87	n/a	n/a	S132_4	False	87	.	7	.	.	.	n/a
108907.0	196	two	two	S132_4	False	196	2	0	t.03.24	2341	111248	108907.0
109126.0	226	order	orders	S132_4	False	226	3	219	t.03.24	2341	111248	108907.0
109382.0	240	the	the	S132_4	False	240	5	475	t.03.24	2341	111248	108907.0
109655.0	187	order	orders	S132_4	False	187	3	748	t.03.24	2341	111248	108907.0
110040.0	143	same	same	S132_4	False	143	6	1133	t.03.24	2341	111248	108907.0
110205.0	168	mean	mean	S132_4	False	168	8	1298	t.03.24	2341	111248	108907.0
110398.0	282	something	something	S132_4	False	282	9	1491	t.03.24	2341	111248	108907.0
110707.0	376	quite	quite	S132_4	False	376	10	1800	t.03.24	2341	111248	108907.0
111106.0	224	something	something	S132_4	False	224	9	2199	t.03.24	2341	111248	108907.0
n/a	83	n/a	n/a	S132_4	False	83	.	7	.	.	.	n/a
112777.0	281	permutation	Permutation	S132_4	False	281	1	0	t.03.25	2726	115503	112777.0
113087.0	245	allow	allows	S132_4	False	245	2	310	t.03.25	2726	115503	112777.0
113357.0	225	to	to	S132_4	False	225	4	580	t.03.25	2726	115503	112777.0
113605.0	323	count	count	S132_4	False	323	5	828	t.03.25	2726	115503	112777.0
113964.0	240	possible	possible	S132_4	False	240	8	1187	t.03.25	2726	115503	112777.0
114232.0	263	order	orders	S132_4	False	263	9	1455	t.03.25	2726	115503	112777.0
114531.0	270	the	the	S132_4	False	270	7	1754	t.03.25	2726	115503	112777.0
114843.0	249	of	of	S132_4	False	249	10	2066	t.03.25	2726	115503	112777.0
115113.0	190	item	items.	S132_4	False	190	11	2336	t.03.25	2726	115503	112777.0
115324.0	227	order	orders	S132_4	False	227	9	2547	t.03.25	2726	115503	112777.0
n/a	49	n/a	n/a	S132_4	False	49	.	40	.	.	.	n/a
117030.0	359	three	three	S132_4	False	359	2	0	t.03.26	1513	118543	117030.0
117413.0	175	n/a	n/a	S132_4	False	175	.	383	t.03.26	1513	118543	117030.0
117615.0	192	n/a	1,2,3,	S132_4	False	192	4	585	t.03.26	1513	118543	117030.0
117837.0	213	derive	derive	S132_4	False	213	7	807	t.03.26	1513	118543	117030.0
118076.0	284	n/a	6	S132_4	False	284	8	1046	t.03.26	1513	118543	117030.0
118385.0	253	permutation	permutations.	S132_4	False	253	9	1355	t.03.26	1513	118543	117030.0
n/a	89	n/a	n/a	S132_4	False	89	.	7	.	.	.	n/a
120099.0	102	these	These	S132_4	False	102	1	0	t.03.27	3189	123288	120099.0
120209.0	157	include	include	S132_4	False	157	2	110	t.03.27	3189	123288	120099.0
120388.0	142	include	include	S132_4	False	142	2	289	t.03.27	3189	123288	120099.0
120565.0	150	n/a	/	S132_4	False	150	4	466	t.03.27	3189	123288	120099.0
120726.0	139	n/a	1,2,3	S132_4	False	139	3	627	t.03.27	3189	123288	120099.0
120888.0	305	n/a	1,3,2	S132_4	False	305	5	789	t.03.27	3189	123288	120099.0
121213.0	155	n/a	/	S132_4	False	155	6	1114	t.03.27	3189	123288	120099.0
121389.0	338	n/a	2,1,3	S132_4	False	338	7	1290	t.03.27	3189	123288	120099.0
121759.0	436	n/a	2,3,1	S132_4	False	436	9	1660	t.03.27	3189	123288	120099.0
122222.0	269	n/a	3,1,2	S132_4	False	269	11	2123	t.03.27	3189	123288	120099.0
122513.0	238	n/a	3,2,1.	S132_4	False	238	13	2414	t.03.27	3189	123288	120099.0
122964.0	106	n/a	1,2,3	S132_4	False	106	3	2865	t.03.27	3189	123288	120099.0
123096.0	259	include	include	S132_4	False	259	2	2997	t.03.27	3189	123288	120099.0
n/a	88	n/a	n/a	S132_4	False	88	.	7	.	.	.	n/a
124836.0	108	these	These	S132_4	False	108	1	0	t.03.28	4459	129295	124836.0
124968.0	259	sequence	sequences	S132_4	False	259	2	132	t.03.28	4459	129295	124836.0
125250.0	147	in	in	S132_4	False	147	3	414	t.03.28	4459	129295	124836.0
125433.0	203	these	These	S132_4	False	203	1	597	t.03.28	4459	129295	124836.0
125674.0	329	different	different	S132_4	False	329	4	838	t.03.28	4459	129295	124836.0
126038.0	170	different	different	S132_4	False	170	4	1202	t.03.28	4459	129295	124836.0
126239.0	192	in	in	S132_4	False	192	3	1403	t.03.28	4459	129295	124836.0
126457.0	171	different	different	S132_4	False	171	4	1621	t.03.28	4459	129295	124836.0
126653.0	185	order	orders	S132_4	False	185	5	1817	t.03.28	4459	129295	124836.0
126859.0	212	different	different	S132_4	False	212	7	2023	t.03.28	4459	129295	124836.0
127106.0	230	permutation	permutations.	S132_4	False	230	8	2270	t.03.28	4459	129295	124836.0
127360.0	132	different	different	S132_4	False	132	7	2524	t.03.28	4459	129295	124836.0
127747.0	87	in	in	S132_4	False	87	3	2911	t.03.28	4459	129295	124836.0
127860.0	286	sequence	sequences	S132_4	False	286	2	3024	t.03.28	4459	129295	124836.0
128182.0	412	different	different	S132_4	False	412	4	3346	t.03.28	4459	129295	124836.0
128644.0	162	order	orders	S132_4	False	162	5	3808	t.03.28	4459	129295	124836.0
128891.0	217	different	different	S132_4	False	217	7	4055	t.03.28	4459	129295	124836.0
129135.0	177	permutation	permutations.	S132_4	False	177	8	4299	t.03.28	4459	129295	124836.0
n/a	18	n/a	n/a	S132_4	False	18	.	7	.	.	.	n/a
n/a	8	n/a	n/a	S132_4	False	8	.	81	.	.	.	n/a
141350.0	171	n/a	n/a	S132_4	False	171	5	0	.	.	147295	141350.0
141556.0	145	n/a	n/a	S132_4	False	145	2	206	.	.	147295	141350.0
141721.0	518	n/a	n/a	S132_4	False	518	2	371	.	.	147295	141350.0
142267.0	213	n/a	n/a	S132_4	False	213	4	917	.	.	147295	141350.0
142503.0	167	n/a	n/a	S132_4	False	167	5	1153	.	.	147295	141350.0
142712.0	141	n/a	n/a	S132_4	False	141	7	1362	.	.	147295	141350.0
142883.0	82	n/a	n/a	S132_4	False	82	7	1533	.	.	147295	141350.0
142991.0	133	n/a	n/a	S132_4	False	133	8	1641	.	.	147295	141350.0
143179.0	176	n/a	n/a	S132_4	False	176	11	1829	.	.	147295	141350.0
143375.0	194	n/a	n/a	S132_4	False	194	11	2025	.	.	147295	141350.0
143651.0	117	n/a	n/a	S132_4	False	117	13	2301	.	.	147295	141350.0
143804.0	199	n/a	n/a	S132_4	False	199	15	2454	.	.	147295	141350.0
144028.0	197	n/a	n/a	S132_4	False	197	17	2678	.	.	147295	141350.0
144264.0	187	n/a	n/a	S132_4	False	187	14	2914	.	.	147295	141350.0
144489.0	195	n/a	n/a	S132_4	False	195	17	3139	.	.	147295	141350.0
144720.0	248	n/a	n/a	S132_4	False	248	13	3370	.	.	147295	141350.0
144997.0	175	n/a	n/a	S132_4	False	175	16	3647	.	.	147295	141350.0
145410.0	86	n/a	n/a	S132_4	False	86	20	4060	.	.	147295	141350.0
145521.0	190	n/a	n/a	S132_4	False	190	22	4171	.	.	147295	141350.0
145735.0	163	n/a	n/a	S132_4	False	163	24	4385	.	.	147295	141350.0
145927.0	193	n/a	n/a	S132_4	False	193	26	4577	.	.	147295	141350.0
146153.0	264	n/a	n/a	S132_4	False	264	28	4803	.	.	147295	141350.0
146437.0	149	n/a	n/a	S132_4	False	149	27	5087	.	.	147295	141350.0
146633.0	211	n/a	n/a	S132_4	False	211	33	5283	.	.	147295	141350.0
146872.0	245	n/a	n/a	S132_4	False	245	34	5522	.	.	147295	141350.0
147157.0	297	n/a	n/a	S132_4	False	297	36	5807	.	.	147295	141350.0
147521.0	342	n/a	n/a	S132_4	False	342	21	6171	.	.	147295	141350.0
n/a	87	n/a	n/a	S132_4	False	87	.	7	.	.	.	n/a
148355.0	82	n/a	n/a	S132_4	False	82	6	0	.	.	151676	148355.0
148456.0	160	n/a	n/a	S132_4	False	160	2	101	.	.	151676	148355.0
148633.0	175	n/a	n/a	S132_4	False	175	2	278	.	.	151676	148355.0
148814.0	271	n/a	n/a	S132_4	False	271	1	459	.	.	151676	148355.0
149109.0	180	n/a	n/a	S132_4	False	180	2	754	.	.	151676	148355.0
149313.0	317	n/a	n/a	S132_4	False	317	4	958	.	.	151676	148355.0
149648.0	65	n/a	n/a	S132_4	False	65	4	1293	.	.	151676	148355.0
149740.0	253	n/a	n/a	S132_4	False	253	6	1385	.	.	151676	148355.0
150016.0	380	n/a	n/a	S132_4	False	380	8	1661	.	.	151676	148355.0
150421.0	200	n/a	n/a	S132_4	False	200	10	2066	.	.	151676	148355.0
150648.0	220	n/a	n/a	S132_4	False	220	12	2293	.	.	151676	148355.0
150891.0	192	n/a	n/a	S132_4	False	192	15	2536	.	.	151676	148355.0
151109.0	140	n/a	n/a	S132_4	False	140	17	2754	.	.	151676	148355.0
151287.0	214	n/a	n/a	S132_4	False	214	19	2932	.	.	151676	148355.0
151524.0	142	n/a	n/a	S132_4	False	142	20	3169	.	.	151676	148355.0
151935.0	119	n/a	n/a	S132_4	False	119	12	3580	.	.	151676	148355.0
152076.0	171	n/a	n/a	S132_4	False	171	11	3721	.	.	151676	148355.0
n/a	87	n/a	n/a	S132_4	False	87	.	7	.	.	.	n/a
152675.0	170	n/a	n/a	S132_4	False	170	.	0	.	.	156522	152675.0
152886.0	249	n/a	n/a	S132_4	False	249	2	211	.	.	156522	152675.0
153156.0	204	n/a	n/a	S132_4	False	204	3	481	.	.	156522	152675.0
153380.0	164	n/a	n/a	S132_4	False	164	2	705	.	.	156522	152675.0
153570.0	121	n/a	n/a	S132_4	False	121	4	895	.	.	156522	152675.0
153732.0	227	n/a	n/a	S132_4	False	227	7	1057	.	.	156522	152675.0
153989.0	184	n/a	n/a	S132_4	False	184	8	1314	.	.	156522	152675.0
154195.0	181	n/a	n/a	S132_4	False	181	10	1520	.	.	156522	152675.0
154394.0	112	n/a	n/a	S132_4	False	112	11	1719	.	.	156522	152675.0
154564.0	389	n/a	n/a	S132_4	False	389	.	1889	.	.	156522	152675.0
154974.0	206	n/a	n/a	S132_4	False	206	.	2299	.	.	156522	152675.0
155202.0	207	n/a	n/a	S132_4	False	207	.	2527	.	.	156522	152675.0
155429.0	326	n/a	n/a	S132_4	False	326	.	2754	.	.	156522	152675.0
155800.0	192	n/a	n/a	S132_4	False	192	.	3125	.	.	156522	152675.0
156022.0	139	n/a	n/a	S132_4	False	139	4	3347	.	.	156522	152675.0
156194.0	144	n/a	n/a	S132_4	False	144	7	3519	.	.	156522	152675.0
156368.0	184	n/a	n/a	S132_4	False	184	9	3693	.	.	156522	152675.0
156604.0	176	n/a	n/a	S132_4	False	176	.	3929	.	.	156522	152675.0
156794.0	257	n/a	n/a	S132_4	False	257	.	4119	.	.	156522	152675.0
n/a	80	n/a	n/a	S132_4	False	80	.	7	.	.	.	n/a
157496.0	185	n/a	n/a	S132_4	False	185	13	0	.	.	164241	157496.0
157702.0	171	n/a	n/a	S132_4	False	171	1	206	.	.	164241	157496.0
157884.0	369	n/a	n/a	S132_4	False	369	1	388	.	.	164241	157496.0
158279.0	208	n/a	n/a	S132_4	False	208	2	783	.	.	164241	157496.0
158710.0	80	n/a	n/a	S132_4	False	80	4	1214	.	.	164241	157496.0
158815.0	135	n/a	n/a	S132_4	False	135	6	1319	.	.	164241	157496.0
158976.0	296	n/a	n/a	S132_4	False	296	9	1480	.	.	164241	157496.0
159303.0	178	n/a	n/a	S132_4	False	178	10	1807	.	.	164241	157496.0
159530.0	251	n/a	n/a	S132_4	False	251	13	2034	.	.	164241	157496.0
159807.0	162	n/a	n/a	S132_4	False	162	15	2311	.	.	164241	157496.0
160004.0	199	n/a	n/a	S132_4	False	199	2	2508	.	.	164241	157496.0
160226.0	165	n/a	n/a	S132_4	False	165	1	2730	.	.	164241	157496.0
160420.0	247	n/a	n/a	S132_4	False	247	3	2924	.	.	164241	157496.0
160693.0	231	n/a	n/a	S132_4	False	231	4	3197	.	.	164241	157496.0
160949.0	79	n/a	n/a	S132_4	False	79	6	3453	.	.	164241	157496.0
161055.0	221	n/a	n/a	S132_4	False	221	9	3559	.	.	164241	157496.0
161300.0	279	n/a	n/a	S132_4	False	279	10	3804	.	.	164241	157496.0
161628.0	193	n/a	n/a	S132_4	False	193	13	4132	.	.	164241	157496.0
161833.0	102	n/a	n/a	S132_4	False	102	13	4337	.	.	164241	157496.0
161966.0	138	n/a	n/a	S132_4	False	138	15	4470	.	.	164241	157496.0
162131.0	371	n/a	n/a	S132_4	False	371	16	4635	.	.	164241	157496.0
162528.0	211	n/a	n/a	S132_4	False	211	18	5032	.	.	164241	157496.0
162776.0	230	n/a	n/a	S132_4	False	230	23	5280	.	.	164241	157496.0
163031.0	202	n/a	n/a	S132_4	False	202	21	5535	.	.	164241	157496.0
163276.0	318	n/a	n/a	S132_4	False	318	25	5780	.	.	164241	157496.0
163621.0	255	n/a	n/a	S132_4	False	255	27	6125	.	.	164241	157496.0
163912.0	196	n/a	n/a	S132_4	False	196	33	6416	.	.	164241	157496.0
164137.0	277	n/a	n/a	S132_4	False	277	36	6641	.	.	164241	157496.0
164440.0	258	n/a	n/a	S132_4	False	258	39	6944	.	.	164241	157496.0
n/a	87	n/a	n/a	S132_4	False	87	.	7	.	.	.	n/a
165319.0	49	n/a	n/a	S132_4	False	49	2	0	.	.	167301	165319.0
165386.0	219	n/a	n/a	S132_4	False	219	2	67	.	.	167301	165319.0
165625.0	471	n/a	n/a	S132_4	False	471	2	306	.	.	167301	165319.0
166120.0	207	n/a	n/a	S132_4	False	207	2	801	.	.	167301	165319.0
166369.0	271	n/a	n/a	S132_4	False	271	4	1050	.	.	167301	165319.0
166670.0	258	n/a	n/a	S132_4	False	258	6	1351	.	.	167301	165319.0
166949.0	297	n/a	n/a	S132_4	False	297	8	1630	.	.	167301	165319.0
167267.0	278	n/a	n/a	S132_4	False	278	6	1948	.	.	167301	165319.0
167570.0	194	n/a	n/a	S132_4	False	194	12	2251	.	.	167301	165319.0
167786.0	94	n/a	n/a	S132_4	False	94	13	2467	.	.	167301	165319.0
n/a	93	n/a	n/a	S132_4	False	93	.	7	.	.	.	n/a
168321.0	173	n/a	n/a	S132_4	False	173	23	0	.	.	178745	168321.0
168528.0	177	n/a	n/a	S132_4	False	177	2	207	.	.	178745	168321.0
168720.0	345	n/a	n/a	S132_4	False	345	3	399	.	.	178745	168321.0
169072.0	163	n/a	n/a	S132_4	False	163	.	751	.	.	178745	168321.0
169262.0	193	n/a	n/a	S132_4	False	193	4	941	.	.	178745	168321.0
169480.0	221	n/a	n/a	S132_4	False	221	3	1159	.	.	178745	168321.0
169729.0	248	n/a	n/a	S132_4	False	248	4	1408	.	.	178745	168321.0
169999.0	321	n/a	n/a	S132_4	False	321	4	1678	.	.	178745	168321.0
170332.0	114	n/a	n/a	S132_4	False	114	4	2011	.	.	178745	168321.0
170465.0	38	n/a	n/a	S132_4	False	38	.	2144	.	.	178745	168321.0
170531.0	160	n/a	n/a	S132_4	False	160	.	2210	.	.	178745	168321.0
170719.0	288	n/a	n/a	S132_4	False	288	6	2398	.	.	178745	168321.0
171056.0	233	n/a	n/a	S132_4	False	233	8	2735	.	.	178745	168321.0
171538.0	88	n/a	n/a	S132_4	False	88	.	3217	.	.	178745	168321.0
171643.0	136	n/a	n/a	S132_4	False	136	10	3322	.	.	178745	168321.0
171804.0	256	n/a	n/a	S132_4	False	256	11	3483	.	.	178745	168321.0
172123.0	177	n/a	n/a	S132_4	False	177	13	3802	.	.	178745	168321.0
172323.0	189	n/a	n/a	S132_4	False	189	15	4002	.	.	178745	168321.0
172531.0	118	n/a	n/a	S132_4	False	118	15	4210	.	.	178745	168321.0
172690.0	234	n/a	n/a	S132_4	False	234	17	4369	.	.	178745	168321.0
172946.0	235	n/a	n/a	S132_4	False	235	18	4625	.	.	178745	168321.0
173216.0	277	n/a	n/a	S132_4	False	277	20	4895	.	.	178745	168321.0
173516.0	236	n/a	n/a	S132_4	False	236	20	5195	.	.	178745	168321.0
173784.0	453	n/a	n/a	S132_4	False	453	20	5463	.	.	178745	168321.0
174272.0	755	n/a	n/a	S132_4	False	755	20	5951	.	.	178745	168321.0
175056.0	257	n/a	n/a	S132_4	False	257	21	6735	.	.	178745	168321.0
175336.0	129	n/a	n/a	S132_4	False	129	20	7015	.	.	178745	168321.0
175503.0	206	n/a	n/a	S132_4	False	206	18	7182	.	.	178745	168321.0
175733.0	229	n/a	n/a	S132_4	False	229	17	7412	.	.	178745	168321.0
175988.0	155	n/a	n/a	S132_4	False	155	18	7667	.	.	178745	168321.0
176177.0	239	n/a	n/a	S132_4	False	239	19	7856	.	.	178745	168321.0
176438.0	207	n/a	n/a	S132_4	False	207	12	8117	.	.	178745	168321.0
176671.0	353	n/a	n/a	S132_4	False	353	14	8350	.	.	178745	168321.0
177257.0	46	n/a	n/a	S132_4	False	46	20	8936	.	.	178745	168321.0
177434.0	39	n/a	n/a	S132_4	False	39	25	9113	.	.	178745	168321.0
177500.0	202	n/a	n/a	S132_4	False	202	26	9179	.	.	178745	168321.0
177747.0	232	n/a	n/a	S132_4	False	232	23	9426	.	.	178745	168321.0
178004.0	201	n/a	n/a	S132_4	False	201	24	9683	.	.	178745	168321.0
178231.0	281	n/a	n/a	S132_4	False	281	26	9910	.	.	178745	168321.0
178547.0	203	n/a	n/a	S132_4	False	203	27	10226	.	.	178745	168321.0
178788.0	154	n/a	n/a	S132_4	False	154	24	10467	.	.	178745	168321.0
179121.0	205	n/a	n/a	S132_4	False	205	17	10800	.	.	178745	168321.0
n/a	83	n/a	n/a	S132_4	False	83	.	7	.	.	.	n/a
179764.0	213	n/a	n/a	S132_4	False	213	13	0	.	.	185720	179764.0
180000.0	301	n/a	n/a	S132_4	False	301	1	236	.	.	185720	179764.0
180364.0	186	n/a	n/a	S132_4	False	186	2	600	.	.	185720	179764.0
180848.0	186	n/a	n/a	S132_4	False	186	2	1084	.	.	185720	179764.0
181184.0	71	n/a	n/a	S132_4	False	71	1	1420	.	.	185720	179764.0
181283.0	160	n/a	n/a	S132_4	False	160	2	1519	.	.	185720	179764.0
181474.0	102	n/a	n/a	S132_4	False	102	3	1710	.	.	185720	179764.0
181798.0	144	n/a	n/a	S132_4	False	144	5	2034	.	.	185720	179764.0
181961.0	294	n/a	n/a	S132_4	False	294	4	2197	.	.	185720	179764.0
182277.0	275	n/a	n/a	S132_4	False	275	3	2513	.	.	185720	179764.0
182583.0	222	n/a	n/a	S132_4	False	222	4	2819	.	.	185720	179764.0
182835.0	220	n/a	n/a	S132_4	False	220	7	3071	.	.	185720	179764.0
183080.0	265	n/a	n/a	S132_4	False	265	8	3316	.	.	185720	179764.0
183369.0	191	n/a	n/a	S132_4	False	191	9	3605	.	.	185720	179764.0
183599.0	171	n/a	n/a	S132_4	False	171	6	3835	.	.	185720	179764.0
183794.0	46	n/a	n/a	S132_4	False	46	7	4030	.	.	185720	179764.0
183891.0	153	n/a	n/a	S132_4	False	153	11	4127	.	.	185720	179764.0
184119.0	300	n/a	n/a	S132_4	False	300	13	4355	.	.	185720	179764.0
184438.0	393	n/a	n/a	S132_4	False	393	15	4674	.	.	185720	179764.0
184856.0	142	n/a	n/a	S132_4	False	142	2	5092	.	.	185720	179764.0
185044.0	34	n/a	n/a	S132_4	False	34	6	5280	.	.	185720	179764.0
185124.0	199	n/a	n/a	S132_4	False	199	9	5360	.	.	185720	179764.0
185345.0	126	n/a	n/a	S132_4	False	126	8	5581	.	.	185720	179764.0
185500.0	184	n/a	n/a	S132_4	False	184	10	5736	.	.	185720	179764.0
185751.0	189	n/a	n/a	S132_4	False	189	15	5987	.	.	185720	179764.0
185963.0	206	n/a	n/a	S132_4	False	206	17	6199	.	.	185720	179764.0
186195.0	92	n/a	n/a	S132_4	False	92	13	6431	.	.	185720	179764.0
n/a	83	n/a	n/a	S132_4	False	83	.	7	.	.	.	n/a
186703.0	251	n/a	n/a	S132_4	False	251	.	0	.	.	189156	186703.0
186978.0	565	n/a	n/a	S132_4	False	565	2	275	.	.	189156	186703.0
187569.0	304	n/a	n/a	S132_4	False	304	3	866	.	.	189156	186703.0
187899.0	182	n/a	n/a	S132_4	False	182	5	1196	.	.	189156	186703.0
188104.0	151	n/a	n/a	S132_4	False	151	6	1401	.	.	189156	186703.0
188286.0	168	n/a	n/a	S132_4	False	168	9	1583	.	.	189156	186703.0
188478.0	131	n/a	n/a	S132_4	False	131	10	1775	.	.	189156	186703.0
188631.0	123	n/a	n/a	S132_4	False	123	12	1928	.	.	189156	186703.0
188821.0	220	n/a	n/a	S132_4	False	220	.	2118	.	.	189156	186703.0
189066.0	185	n/a	n/a	S132_4	False	185	.	2363	.	.	189156	186703.0
189274.0	206	n/a	n/a	S132_4	False	206	.	2571	.	.	189156	186703.0
189495.0	75	n/a	n/a	S132_4	False	75	.	2792	.	.	189156	186703.0
n/a	90	n/a	n/a	S132_4	False	90	.	7	.	.	.	n/a
190139.0	216	n/a	n/a	S132_4	False	216	.	0	.	.	194695	190139.0
190380.0	189	n/a	n/a	S132_4	False	189	1	241	.	.	194695	190139.0
190589.0	251	n/a	n/a	S132_4	False	251	.	450	.	.	194695	190139.0
190852.0	157	n/a	n/a	S132_4	False	157	.	713	.	.	194695	190139.0
191053.0	157	n/a	n/a	S132_4	False	157	4	914	.	.	194695	190139.0
191239.0	206	n/a	n/a	S132_4	False	206	7	1100	.	.	194695	190139.0
191477.0	178	n/a	n/a	S132_4	False	178	9	1338	.	.	194695	190139.0
191678.0	150	n/a	n/a	S132_4	False	150	10	1539	.	.	194695	190139.0
191879.0	242	n/a	n/a	S132_4	False	242	14	1740	.	.	194695	190139.0
192135.0	145	n/a	n/a	S132_4	False	145	14	1996	.	.	194695	190139.0
192311.0	135	n/a	n/a	S132_4	False	135	4	2172	.	.	194695	190139.0
192475.0	53	n/a	n/a	S132_4	False	53	6	2336	.	.	194695	190139.0
192567.0	196	n/a	n/a	S132_4	False	196	8	2428	.	.	194695	190139.0
192819.0	184	n/a	n/a	S132_4	False	184	.	2680	.	.	194695	190139.0
193023.0	220	n/a	n/a	S132_4	False	220	.	2884	.	.	194695	190139.0
193262.0	403	n/a	n/a	S132_4	False	403	.	3123	.	.	194695	190139.0
193695.0	199	n/a	n/a	S132_4	False	199	.	3556	.	.	194695	190139.0
193916.0	374	n/a	n/a	S132_4	False	374	.	3777	.	.	194695	190139.0
194310.0	280	n/a	n/a	S132_4	False	280	.	4171	.	.	194695	190139.0
194607.0	159	n/a	n/a	S132_4	False	159	.	4468	.	.	194695	190139.0
194795.0	361	n/a	n/a	S132_4	False	361	14	4656	.	.	194695	190139.0
195197.0	67	n/a	n/a	S132_4	False	67	.	5058	.	.	194695	190139.0
n/a	87	n/a	n/a	S132_4	False	87	.	7	.	.	.	n/a
195677.0	68	n/a	n/a	S132_4	False	68	13	0	.	.	203592	195677.0
195785.0	149	n/a	n/a	S132_4	False	149	7	108	.	.	203592	195677.0
195956.0	108	n/a	n/a	S132_4	False	108	1	279	.	.	203592	195677.0
196261.0	219	n/a	n/a	S132_4	False	219	1	584	.	.	203592	195677.0
196500.0	144	n/a	n/a	S132_4	False	144	3	823	.	.	203592	195677.0
196667.0	141	n/a	n/a	S132_4	False	141	3	990	.	.	203592	195677.0
196832.0	183	n/a	n/a	S132_4	False	183	4	1155	.	.	203592	195677.0
197055.0	219	n/a	n/a	S132_4	False	219	1	1378	.	.	203592	195677.0
197295.0	162	n/a	n/a	S132_4	False	162	3	1618	.	.	203592	195677.0
197486.0	153	n/a	n/a	S132_4	False	153	4	1809	.	.	203592	195677.0
197664.0	178	n/a	n/a	S132_4	False	178	4	1987	.	.	203592	195677.0
197886.0	188	n/a	n/a	S132_4	False	188	7	2209	.	.	203592	195677.0
198115.0	165	n/a	n/a	S132_4	False	165	5	2438	.	.	203592	195677.0
198300.0	112	n/a	n/a	S132_4	False	112	5	2623	.	.	203592	195677.0
198659.0	120	n/a	n/a	S132_4	False	120	3	2982	.	.	203592	195677.0
198802.0	194	n/a	n/a	S132_4	False	194	7	3125	.	.	203592	195677.0
199025.0	261	n/a	n/a	S132_4	False	261	1	3348	.	.	203592	195677.0
199311.0	172	n/a	n/a	S132_4	False	172	3	3634	.	.	203592	195677.0
199510.0	337	n/a	n/a	S132_4	False	337	4	3833	.	.	203592	195677.0
199871.0	317	n/a	n/a	S132_4	False	317	8	4194	.	.	203592	195677.0
200212.0	243	n/a	n/a	S132_4	False	243	8	4535	.	.	203592	195677.0
200478.0	116	n/a	n/a	S132_4	False	116	7	4801	.	.	203592	195677.0
200622.0	190	n/a	n/a	S132_4	False	190	8	4945	.	.	203592	195677.0
200854.0	161	n/a	n/a	S132_4	False	161	11	5177	.	.	203592	195677.0
201039.0	204	n/a	n/a	S132_4	False	204	14	5362	.	.	203592	195677.0
201274.0	396	n/a	n/a	S132_4	False	396	11	5597	.	.	203592	195677.0
201695.0	113	n/a	n/a	S132_4	False	113	8	6018	.	.	203592	195677.0
202038.0	101	n/a	n/a	S132_4	False	101	4	6361	.	.	203592	195677.0
202178.0	149	n/a	n/a	S132_4	False	149	2	6501	.	.	203592	195677.0
202346.0	150	n/a	n/a	S132_4	False	150	1	6669	.	.	203592	195677.0
202523.0	184	n/a	n/a	S132_4	False	184	3	6846	.	.	203592	195677.0
202741.0	106	n/a	n/a	S132_4	False	106	4	7064	.	.	203592	195677.0
202871.0	177	n/a	n/a	S132_4	False	177	8	7194	.	.	203592	195677.0
203077.0	158	n/a	n/a	S132_4	False	158	11	7400	.	.	203592	195677.0
203254.0	118	n/a	n/a	S132_4	False	118	11	7577	.	.	203592	195677.0
203410.0	119	n/a	n/a	S132_4	False	119	10	7733	.	.	203592	195677.0
203868.0	179	n/a	n/a	S132_4	False	179	10	8191	.	.	203592	195677.0
204076.0	90	n/a	n/a	S132_4	False	90	11	8399	.	.	203592	195677.0
